{ "_t" : "BH.oM.Common.Materials.Material", "BHoM_Guid" : "9f7e46bc-8c12-4a54-8f10-78960d0ed9af", "Name" : "C12/15", "Tags" : [], "CustomData" : { }, "Type" : "Concrete", "YoungsModulus" : 27000000000.0, "PoissonsRatio" : 0.20000000000000001, "DryDensity" : 2548.5376999999999, "CoeffThermalExpansion" : 1.0000000000000001E-05, "DampingRatio" : 0.0, "Density" : 2548.5376999999999, "CompressiveYieldStrength" : 12000000.0, "TensileYieldStrength" : 0.0, "StrainAtYield" : 0.0050000000000000001 }
{ "_t" : "BH.oM.Common.Materials.Material", "BHoM_Guid" : "ff8b038e-54b8-4677-a3fe-53ca11c5cfd2", "Name" : "C16/20", "Tags" : [], "CustomData" : { }, "Type" : "Concrete", "YoungsModulus" : 29000000000.0, "PoissonsRatio" : 0.20000000000000001, "DryDensity" : 2548.5376999999999, "CoeffThermalExpansion" : 1.0000000000000001E-05, "DampingRatio" : 0.0, "Density" : 2548.5376999999999, "CompressiveYieldStrength" : 16000000.0, "TensileYieldStrength" : 0.0, "StrainAtYield" : 0.0050000000000000001 }
{ "_t" : "BH.oM.Common.Materials.Material", "BHoM_Guid" : "b8e60db9-cd29-4284-afda-bd6debe2dc20", "Name" : "C20/25", "Tags" : [], "CustomData" : { }, "Type" : "Concrete", "YoungsModulus" : 30000000000.0, "PoissonsRatio" : 0.20000000000000001, "DryDensity" : 2548.5376999999999, "CoeffThermalExpansion" : 1.0000000000000001E-05, "DampingRatio" : 0.0, "Density" : 2548.5376999999999, "CompressiveYieldStrength" : 20000000.0, "TensileYieldStrength" : 0.0, "StrainAtYield" : 0.0050000000000000001 }
{ "_t" : "BH.oM.Common.Materials.Material", "BHoM_Guid" : "9fee3cf3-6297-483e-a499-32788bddc6ae", "Name" : "C25/30", "Tags" : [], "CustomData" : { }, "Type" : "Concrete", "YoungsModulus" : 31000000000.0, "PoissonsRatio" : 0.20000000000000001, "DryDensity" : 2548.5376999999999, "CoeffThermalExpansion" : 1.0000000000000001E-05, "DampingRatio" : 0.0, "Density" : 2548.5376999999999, "CompressiveYieldStrength" : 25000000.0, "TensileYieldStrength" : 0.0, "StrainAtYield" : 0.0050000000000000001 }
{ "_t" : "BH.oM.Common.Materials.Material", "BHoM_Guid" : "11232aaa-9d85-4a82-baad-eebf7c899a19", "Name" : "C30/37", "Tags" : [], "CustomData" : { }, "Type" : "Concrete", "YoungsModulus" : 33000000000.0, "PoissonsRatio" : 0.20000000000000001, "DryDensity" : 2548.5376999999999, "CoeffThermalExpansion" : 1.0000000000000001E-05, "DampingRatio" : 0.0, "Density" : 2548.5376999999999, "CompressiveYieldStrength" : 30000000.0, "TensileYieldStrength" : 0.0, "StrainAtYield" : 0.0050000000000000001 }
{ "_t" : "BH.oM.Common.Materials.Material", "BHoM_Guid" : "399a8f11-a31a-4758-a3a0-90e20aebe84f", "Name" : "C35/45", "Tags" : [], "CustomData" : { }, "Type" : "Concrete", "YoungsModulus" : 34000000000.0, "PoissonsRatio" : 0.20000000000000001, "DryDensity" : 2548.5376999999999, "CoeffThermalExpansion" : 1.0000000000000001E-05, "DampingRatio" : 0.0, "Density" : 2548.5376999999999, "CompressiveYieldStrength" : 35000000.0, "TensileYieldStrength" : 0.0, "StrainAtYield" : 0.0050000000000000001 }
{ "_t" : "BH.oM.Common.Materials.Material", "BHoM_Guid" : "43e2f70c-caad-46a3-b8fc-a77aeb0b09f4", "Name" : "C40/50", "Tags" : [], "CustomData" : { }, "Type" : "Concrete", "YoungsModulus" : 35000000000.0, "PoissonsRatio" : 0.20000000000000001, "DryDensity" : 2548.5376999999999, "CoeffThermalExpansion" : 1.0000000000000001E-05, "DampingRatio" : 0.0, "Density" : 2548.5376999999999, "CompressiveYieldStrength" : 40000000.0, "TensileYieldStrength" : 0.0, "StrainAtYield" : 0.0050000000000000001 }
{ "_t" : "BH.oM.Common.Materials.Material", "BHoM_Guid" : "5f41de6c-5ff9-4e54-a82b-45eb8f902cca", "Name" : "C45/55", "Tags" : [], "CustomData" : { }, "Type" : "Concrete", "YoungsModulus" : 36000000000.0, "PoissonsRatio" : 0.20000000000000001, "DryDensity" : 2548.5376999999999, "CoeffThermalExpansion" : 1.0000000000000001E-05, "DampingRatio" : 0.0, "Density" : 2548.5376999999999, "CompressiveYieldStrength" : 45000000.0, "TensileYieldStrength" : 0.0, "StrainAtYield" : 0.0050000000000000001 }
{ "_t" : "BH.oM.Common.Materials.Material", "BHoM_Guid" : "70ce4a28-7b2b-43fb-9317-a1285fd93a99", "Name" : "C50/60", "Tags" : [], "CustomData" : { }, "Type" : "Concrete", "YoungsModulus" : 37000000000.0, "PoissonsRatio" : 0.20000000000000001, "DryDensity" : 2548.5376999999999, "CoeffThermalExpansion" : 1.0000000000000001E-05, "DampingRatio" : 0.0, "Density" : 2548.5376999999999, "CompressiveYieldStrength" : 50000000.0, "TensileYieldStrength" : 0.0, "StrainAtYield" : 0.0050000000000000001 }
{ "_t" : "BH.oM.Common.Materials.Material", "BHoM_Guid" : "0e71147d-4353-4e5f-a0b1-febcd6d2c41f", "Name" : "C55/67", "Tags" : [], "CustomData" : { }, "Type" : "Concrete", "YoungsModulus" : 38000000000.0, "PoissonsRatio" : 0.20000000000000001, "DryDensity" : 2548.5376999999999, "CoeffThermalExpansion" : 1.0000000000000001E-05, "DampingRatio" : 0.0, "Density" : 2548.5376999999999, "CompressiveYieldStrength" : 55000000.0, "TensileYieldStrength" : 0.0, "StrainAtYield" : 0.0050000000000000001 }
{ "_t" : "BH.oM.Common.Materials.Material", "BHoM_Guid" : "679e06f4-d007-4629-9f0c-820379b478f9", "Name" : "C60/75", "Tags" : [], "CustomData" : { }, "Type" : "Concrete", "YoungsModulus" : 39000000000.0, "PoissonsRatio" : 0.20000000000000001, "DryDensity" : 2548.5376999999999, "CoeffThermalExpansion" : 1.0000000000000001E-05, "DampingRatio" : 0.0, "Density" : 2548.5376999999999, "CompressiveYieldStrength" : 60000000.0, "TensileYieldStrength" : 0.0, "StrainAtYield" : 0.0050000000000000001 }
{ "_t" : "BH.oM.Common.Materials.Material", "BHoM_Guid" : "32350fb9-76ea-4de7-a858-f1982fc41414", "Name" : "C70/85", "Tags" : [], "CustomData" : { }, "Type" : "Concrete", "YoungsModulus" : 41000000000.0, "PoissonsRatio" : 0.20000000000000001, "DryDensity" : 2548.5376999999999, "CoeffThermalExpansion" : 1.0000000000000001E-05, "DampingRatio" : 0.0, "Density" : 2548.5376999999999, "CompressiveYieldStrength" : 70000000.0, "TensileYieldStrength" : 0.0, "StrainAtYield" : 0.0050000000000000001 }
{ "_t" : "BH.oM.Common.Materials.Material", "BHoM_Guid" : "0b8a7a28-04b6-4f1c-a050-4c5e6d5ce521", "Name" : "C80/95", "Tags" : [], "CustomData" : { }, "Type" : "Concrete", "YoungsModulus" : 42000000000.0, "PoissonsRatio" : 0.20000000000000001, "DryDensity" : 2548.5376999999999, "CoeffThermalExpansion" : 1.0000000000000001E-05, "DampingRatio" : 0.0, "Density" : 2548.5376999999999, "CompressiveYieldStrength" : 80000000.0, "TensileYieldStrength" : 0.0, "StrainAtYield" : 0.0050000000000000001 }
{ "_t" : "BH.oM.Common.Materials.Material", "BHoM_Guid" : "0becf567-9db8-4e73-bccc-82169ffe9c68", "Name" : "C90/105", "Tags" : [], "CustomData" : { }, "Type" : "Concrete", "YoungsModulus" : 44000000000.0, "PoissonsRatio" : 0.20000000000000001, "DryDensity" : 2548.5376999999999, "CoeffThermalExpansion" : 1.0000000000000001E-05, "DampingRatio" : 0.0, "Density" : 2548.5376999999999, "CompressiveYieldStrength" : 90.0, "TensileYieldStrength" : 0.0, "StrainAtYield" : 0.0050000000000000001 }
