{ "_t" : "BH.oM.Common.Materials.Material", "BHoM_Guid" : "13d28fa7-f8e5-44cc-8a8d-c53d6681bfa1", "Name" : "B500A", "Tags" : [], "CustomData" : { }, "Type" : "Rebar", "YoungsModulus" : 200000000000.0, "PoissonsRatio" : 0.29999999999999999, "DryDensity" : 7850.0, "CoeffThermalExpansion" : 1.17E-05, "DampingRatio" : 0.0, "Density" : 7850.0, "CompressiveYieldStrength" : 500000000.0, "TensileYieldStrength" : 500000000.0, "StrainAtYield" : 0.0025000000000000001 }
{ "_t" : "BH.oM.Common.Materials.Material", "BHoM_Guid" : "5481edff-a4da-4049-8317-0f716de0f2a4", "Name" : "B500B", "Tags" : [], "CustomData" : { }, "Type" : "Rebar", "YoungsModulus" : 200000000000.0, "PoissonsRatio" : 0.29999999999999999, "DryDensity" : 7850.0, "CoeffThermalExpansion" : 1.17E-05, "DampingRatio" : 0.0, "Density" : 7850.0, "CompressiveYieldStrength" : 500000000.0, "TensileYieldStrength" : 500000000.0, "StrainAtYield" : 0.0050000000000000001 }
{ "_t" : "BH.oM.Common.Materials.Material", "BHoM_Guid" : "1849fd7e-7079-4d08-a587-5243dd2ca3f2", "Name" : "B500C", "Tags" : [], "CustomData" : { }, "Type" : "Rebar", "YoungsModulus" : 200000000000.0, "PoissonsRatio" : 0.29999999999999999, "DryDensity" : 7850.0, "CoeffThermalExpansion" : 1.17E-05, "DampingRatio" : 0.0, "Density" : 7850.0, "CompressiveYieldStrength" : 500000000.0, "TensileYieldStrength" : 500000000.0, "StrainAtYield" : 0.0074999999999999997 }
