{ "_t" : "BH.oM.Common.Materials.Material", "BHoM_Guid" : "027219e3-571e-45f2-a681-4527ee453a61", "Name" : "S235", "Tags" : [], "CustomData" : { }, "Type" : "Steel", "YoungsModulus" : 210000000000.0, "PoissonsRatio" : 0.29999999999999999, "DryDensity" : 7850.0, "CoeffThermalExpansion" : 1.17E-05, "DampingRatio" : 0.0, "Density" : 7850.0, "CompressiveYieldStrength" : 235000000.0, "TensileYieldStrength" : 235000000.0, "StrainAtYield" : 0.11 }
{ "_t" : "BH.oM.Common.Materials.Material", "BHoM_Guid" : "6d7bf260-7298-4511-9650-2e0da3b39ef2", "Name" : "S275", "Tags" : [], "CustomData" : { }, "Type" : "Steel", "YoungsModulus" : 210000000000.0, "PoissonsRatio" : 0.29999999999999999, "DryDensity" : 7849.04738, "CoeffThermalExpansion" : 1.17E-05, "DampingRatio" : 0.0, "Density" : 7849.04738, "CompressiveYieldStrength" : 275000000.0, "TensileYieldStrength" : 275000000.0, "StrainAtYield" : 0.11 }
{ "_t" : "BH.oM.Common.Materials.Material", "BHoM_Guid" : "6c4340bd-f946-4786-baa8-c82a54bc5777", "Name" : "S355", "Tags" : [], "CustomData" : { }, "Type" : "Steel", "YoungsModulus" : 210000000000.0, "PoissonsRatio" : 0.29999999999999999, "DryDensity" : 7849.04738, "CoeffThermalExpansion" : 1.17E-05, "DampingRatio" : 0.0, "Density" : 7849.04738, "CompressiveYieldStrength" : 355000000.0, "TensileYieldStrength" : 355000000.0, "StrainAtYield" : 0.11 }
{ "_t" : "BH.oM.Common.Materials.Material", "BHoM_Guid" : "ca19947c-2bdd-4b4a-bd3b-3f9f6d5345bf", "Name" : "S450", "Tags" : [], "CustomData" : { }, "Type" : "Steel", "YoungsModulus" : 210000000000.0, "PoissonsRatio" : 0.29999999999999999, "DryDensity" : 7849.04738, "CoeffThermalExpansion" : 1.17E-05, "DampingRatio" : 0.0, "Density" : 7849.04738, "CompressiveYieldStrength" : 440000000.0, "TensileYieldStrength" : 440000000.0, "StrainAtYield" : 0.11 }
