{ "_t" : "BH.oM.Common.Materials.Material", "BHoM_Guid" : "106f3d03-e0c7-43f7-b4b8-e73fd7310e99", "Name" : "C12/15", "Tags" : [], "CustomData" : { }, "Type" : "Concrete", "YoungsModulus" : 27000000000.0, "PoissonsRatio" : 0.20000000000000001, "ShearModulus" : 0.0, "DryDensity" : 2548.5376999999999, "CoeffThermalExpansion" : 1.0000000000000001E-05, "DampingRatio" : 0.0, "Density" : 2548.5376999999999, "CompressiveYieldStrength" : 12000000.0, "TensileYieldStrength" : 0.0, "StainAtYield" : 0.0050000000000000001 }
{ "_t" : "BH.oM.Common.Materials.Material", "BHoM_Guid" : "d601f472-46a9-4337-ab21-2fc1a27a4ba4", "Name" : "C16/20", "Tags" : [], "CustomData" : { }, "Type" : "Concrete", "YoungsModulus" : 29000000000.0, "PoissonsRatio" : 0.20000000000000001, "ShearModulus" : 0.0, "DryDensity" : 2548.5376999999999, "CoeffThermalExpansion" : 1.0000000000000001E-05, "DampingRatio" : 0.0, "Density" : 2548.5376999999999, "CompressiveYieldStrength" : 16000000.0, "TensileYieldStrength" : 0.0, "StainAtYield" : 0.0050000000000000001 }
{ "_t" : "BH.oM.Common.Materials.Material", "BHoM_Guid" : "39c7cd5a-f3e8-452b-8948-0ecf092eef73", "Name" : "C20/25", "Tags" : [], "CustomData" : { }, "Type" : "Concrete", "YoungsModulus" : 30000000000.0, "PoissonsRatio" : 0.20000000000000001, "ShearModulus" : 0.0, "DryDensity" : 2548.5376999999999, "CoeffThermalExpansion" : 1.0000000000000001E-05, "DampingRatio" : 0.0, "Density" : 2548.5376999999999, "CompressiveYieldStrength" : 20000000.0, "TensileYieldStrength" : 0.0, "StainAtYield" : 0.0050000000000000001 }
{ "_t" : "BH.oM.Common.Materials.Material", "BHoM_Guid" : "c3ca35be-b41b-419c-a846-b1654397944d", "Name" : "C25/30", "Tags" : [], "CustomData" : { }, "Type" : "Concrete", "YoungsModulus" : 31000000000.0, "PoissonsRatio" : 0.20000000000000001, "ShearModulus" : 0.0, "DryDensity" : 2548.5376999999999, "CoeffThermalExpansion" : 1.0000000000000001E-05, "DampingRatio" : 0.0, "Density" : 2548.5376999999999, "CompressiveYieldStrength" : 25000000.0, "TensileYieldStrength" : 0.0, "StainAtYield" : 0.0050000000000000001 }
{ "_t" : "BH.oM.Common.Materials.Material", "BHoM_Guid" : "db4c2b8b-cf39-4f79-bbc7-5c462a12f303", "Name" : "C30/37", "Tags" : [], "CustomData" : { }, "Type" : "Concrete", "YoungsModulus" : 33000000000.0, "PoissonsRatio" : 0.20000000000000001, "ShearModulus" : 0.0, "DryDensity" : 2548.5376999999999, "CoeffThermalExpansion" : 1.0000000000000001E-05, "DampingRatio" : 0.0, "Density" : 2548.5376999999999, "CompressiveYieldStrength" : 30000000.0, "TensileYieldStrength" : 0.0, "StainAtYield" : 0.0050000000000000001 }
{ "_t" : "BH.oM.Common.Materials.Material", "BHoM_Guid" : "6bbccdb0-514b-4242-9365-ee29fd4b5a48", "Name" : "C35/45", "Tags" : [], "CustomData" : { }, "Type" : "Concrete", "YoungsModulus" : 34000000000.0, "PoissonsRatio" : 0.20000000000000001, "ShearModulus" : 0.0, "DryDensity" : 2548.5376999999999, "CoeffThermalExpansion" : 1.0000000000000001E-05, "DampingRatio" : 0.0, "Density" : 2548.5376999999999, "CompressiveYieldStrength" : 35000000.0, "TensileYieldStrength" : 0.0, "StainAtYield" : 0.0050000000000000001 }
{ "_t" : "BH.oM.Common.Materials.Material", "BHoM_Guid" : "db98addd-4deb-45e0-8e9e-b7a20399c4f0", "Name" : "C40/50", "Tags" : [], "CustomData" : { }, "Type" : "Concrete", "YoungsModulus" : 35000000000.0, "PoissonsRatio" : 0.20000000000000001, "ShearModulus" : 0.0, "DryDensity" : 2548.5376999999999, "CoeffThermalExpansion" : 1.0000000000000001E-05, "DampingRatio" : 0.0, "Density" : 2548.5376999999999, "CompressiveYieldStrength" : 40000000.0, "TensileYieldStrength" : 0.0, "StainAtYield" : 0.0050000000000000001 }
{ "_t" : "BH.oM.Common.Materials.Material", "BHoM_Guid" : "29c59a7e-3f36-4f58-a854-b5955c1be83b", "Name" : "C45/55", "Tags" : [], "CustomData" : { }, "Type" : "Concrete", "YoungsModulus" : 36000000000.0, "PoissonsRatio" : 0.20000000000000001, "ShearModulus" : 0.0, "DryDensity" : 2548.5376999999999, "CoeffThermalExpansion" : 1.0000000000000001E-05, "DampingRatio" : 0.0, "Density" : 2548.5376999999999, "CompressiveYieldStrength" : 45000000.0, "TensileYieldStrength" : 0.0, "StainAtYield" : 0.0050000000000000001 }
{ "_t" : "BH.oM.Common.Materials.Material", "BHoM_Guid" : "5df1bae1-abd1-4e37-9d97-3a5c47457e8d", "Name" : "C50/60", "Tags" : [], "CustomData" : { }, "Type" : "Concrete", "YoungsModulus" : 37000000000.0, "PoissonsRatio" : 0.20000000000000001, "ShearModulus" : 0.0, "DryDensity" : 2548.5376999999999, "CoeffThermalExpansion" : 1.0000000000000001E-05, "DampingRatio" : 0.0, "Density" : 2548.5376999999999, "CompressiveYieldStrength" : 50000000.0, "TensileYieldStrength" : 0.0, "StainAtYield" : 0.0050000000000000001 }
{ "_t" : "BH.oM.Common.Materials.Material", "BHoM_Guid" : "7a81333a-b7a4-48ce-8b3b-fb57931ecb80", "Name" : "C55/67", "Tags" : [], "CustomData" : { }, "Type" : "Concrete", "YoungsModulus" : 38000000000.0, "PoissonsRatio" : 0.20000000000000001, "ShearModulus" : 0.0, "DryDensity" : 2548.5376999999999, "CoeffThermalExpansion" : 1.0000000000000001E-05, "DampingRatio" : 0.0, "Density" : 2548.5376999999999, "CompressiveYieldStrength" : 55000000.0, "TensileYieldStrength" : 0.0, "StainAtYield" : 0.0050000000000000001 }
{ "_t" : "BH.oM.Common.Materials.Material", "BHoM_Guid" : "bf717300-4bd8-4b57-b622-6f26458677d4", "Name" : "C60/75", "Tags" : [], "CustomData" : { }, "Type" : "Concrete", "YoungsModulus" : 39000000000.0, "PoissonsRatio" : 0.20000000000000001, "ShearModulus" : 0.0, "DryDensity" : 2548.5376999999999, "CoeffThermalExpansion" : 1.0000000000000001E-05, "DampingRatio" : 0.0, "Density" : 2548.5376999999999, "CompressiveYieldStrength" : 60000000.0, "TensileYieldStrength" : 0.0, "StainAtYield" : 0.0050000000000000001 }
{ "_t" : "BH.oM.Common.Materials.Material", "BHoM_Guid" : "a8283116-5727-4a54-9b07-4b47b7a347fd", "Name" : "C70/85", "Tags" : [], "CustomData" : { }, "Type" : "Concrete", "YoungsModulus" : 41000000000.0, "PoissonsRatio" : 0.20000000000000001, "ShearModulus" : 0.0, "DryDensity" : 2548.5376999999999, "CoeffThermalExpansion" : 1.0000000000000001E-05, "DampingRatio" : 0.0, "Density" : 2548.5376999999999, "CompressiveYieldStrength" : 70000000.0, "TensileYieldStrength" : 0.0, "StainAtYield" : 0.0050000000000000001 }
{ "_t" : "BH.oM.Common.Materials.Material", "BHoM_Guid" : "4b9e80a8-357e-4ccf-a7c1-426328b17035", "Name" : "C80/95", "Tags" : [], "CustomData" : { }, "Type" : "Concrete", "YoungsModulus" : 42000000000.0, "PoissonsRatio" : 0.20000000000000001, "ShearModulus" : 0.0, "DryDensity" : 2548.5376999999999, "CoeffThermalExpansion" : 1.0000000000000001E-05, "DampingRatio" : 0.0, "Density" : 2548.5376999999999, "CompressiveYieldStrength" : 80000000.0, "TensileYieldStrength" : 0.0, "StainAtYield" : 0.0050000000000000001 }
{ "_t" : "BH.oM.Common.Materials.Material", "BHoM_Guid" : "cd7faba2-4be9-4582-a3e7-d22af5d0c16b", "Name" : "C90/105", "Tags" : [], "CustomData" : { }, "Type" : "Concrete", "YoungsModulus" : 44000000000.0, "PoissonsRatio" : 0.20000000000000001, "ShearModulus" : 0.0, "DryDensity" : 2548.5376999999999, "CoeffThermalExpansion" : 1.0000000000000001E-05, "DampingRatio" : 0.0, "Density" : 2548.5376999999999, "CompressiveYieldStrength" : 90.0, "TensileYieldStrength" : 0.0, "StainAtYield" : 0.0050000000000000001 }
