{ "_t" : "BH.oM.Common.Materials.Material", "BHoM_Guid" : "47617280-a728-4f56-b367-011da7695719", "Name" : "B500A", "Tags" : [], "CustomData" : { }, "Type" : "Rebar", "YoungsModulus" : 200000000000.0, "PoissonsRatio" : 0.29999999999999999, "ShearModulus" : 0.0, "DryDensity" : 7850.0, "CoeffThermalExpansion" : 1.17E-05, "DampingRatio" : 0.0, "Density" : 7850.0, "CompressiveYieldStrength" : 500000000.0, "TensileYieldStrength" : 500000000.0, "StainAtYield" : 0.0025000000000000001 }
{ "_t" : "BH.oM.Common.Materials.Material", "BHoM_Guid" : "92ec4d0f-3f9d-4694-918d-60503b605134", "Name" : "B500B", "Tags" : [], "CustomData" : { }, "Type" : "Rebar", "YoungsModulus" : 200000000000.0, "PoissonsRatio" : 0.29999999999999999, "ShearModulus" : 0.0, "DryDensity" : 7850.0, "CoeffThermalExpansion" : 1.17E-05, "DampingRatio" : 0.0, "Density" : 7850.0, "CompressiveYieldStrength" : 500000000.0, "TensileYieldStrength" : 500000000.0, "StainAtYield" : 0.0050000000000000001 }
{ "_t" : "BH.oM.Common.Materials.Material", "BHoM_Guid" : "668a5c58-f110-47e1-a7a6-3a126bc30274", "Name" : "B500C", "Tags" : [], "CustomData" : { }, "Type" : "Rebar", "YoungsModulus" : 200000000000.0, "PoissonsRatio" : 0.29999999999999999, "ShearModulus" : 0.0, "DryDensity" : 7850.0, "CoeffThermalExpansion" : 1.17E-05, "DampingRatio" : 0.0, "Density" : 7850.0, "CompressiveYieldStrength" : 500000000.0, "TensileYieldStrength" : 500000000.0, "StainAtYield" : 0.0074999999999999997 }
